N,P,K,pH,temp,rainfall,humidity,crop
92,14,106,7.2,30.7,161.5,45.0,millet
87,116,99,5.0,31.7,64.1,76.1,banana
37,129,20,6.7,31.0,51.8,41.2,sugarcane
58,14,50,5.8,37.7,166.7,83.0,banana
20,72,17,7.8,37.4,252.1,55.2,millet
129,83,91,6.0,22.2,173.8,41.7,cotton
80,49,103,7.1,27.7,102.0,68.4,sugarcane
43,13,94,7.7,21.6,99.0,42.3,cotton
81,110,52,6.6,37.4,201.8,53.8,cotton
14,44,64,4.6,27.6,148.7,54.7,cotton
138,80,135,7.1,33.9,68.5,57.9,millet
27,134,71,6.1,21.7,142.7,73.4,paddy
98,103,34,6.2,22.2,228.3,78.0,cotton
102,26,136,7.0,22.0,159.8,50.1,groundnut
51,95,131,7.7,24.5,152.6,77.8,millet
12,70,85,7.6,31.2,123.9,45.3,maize
27,107,43,6.0,35.9,131.1,46.1,maize
128,120,26,6.0,34.7,265.2,40.3,paddy
136,61,50,5.4,24.4,92.1,50.9,banana
112,61,51,5.4,32.5,228.1,47.4,paddy
112,1,129,5.9,20.6,136.3,71.7,paddy
129,52,67,4.8,26.7,110.5,80.2,sugarcane
115,97,138,7.4,34.4,87.7,65.4,cotton
2,89,95,4.8,36.9,149.4,65.9,cotton
10,41,98,5.3,23.1,295.5,65.8,paddy
1,128,47,7.9,30.0,270.7,49.4,paddy
98,47,130,7.5,27.3,271.9,82.5,paddy
103,83,111,4.9,31.9,51.3,48.0,paddy
53,67,32,6.2,23.2,141.6,77.2,groundnut
127,32,114,6.7,24.5,197.5,88.9,banana
7,26,26,7.3,29.0,194.2,64.6,banana
60,47,3,4.6,31.6,94.3,87.0,cotton
45,116,5,5.8,20.3,282.1,61.4,cotton
94,98,115,5.5,26.9,262.8,55.8,cotton
24,53,57,7.8,21.3,102.2,73.6,groundnut
126,129,16,7.5,22.5,227.2,67.6,millet
25,98,49,7.5,36.4,177.8,65.1,groundnut
19,64,7,7.0,34.3,272.5,56.9,cotton
97,65,31,6.5,20.6,166.4,67.1,maize
57,57,85,5.4,20.7,125.8,66.9,cotton
7,52,59,5.3,31.2,71.3,42.6,cotton
93,46,98,6.7,33.1,294.0,65.8,maize
119,62,18,6.0,21.4,56.3,88.1,sugarcane
126,136,139,5.9,23.1,89.1,52.5,millet
117,47,88,6.8,25.0,288.7,76.9,sugarcane
68,21,92,6.0,24.5,139.0,77.9,millet
28,68,46,4.6,35.4,225.9,63.7,paddy
84,38,99,5.1,27.8,149.6,70.8,groundnut
99,33,137,6.7,29.1,264.1,72.9,cotton
15,23,79,6.7,20.5,196.4,87.0,maize
123,32,100,6.7,34.8,212.9,50.3,maize
140,11,94,5.8,20.7,204.6,56.8,cotton
7,92,89,5.7,24.7,174.0,74.6,groundnut
74,119,20,7.9,29.9,155.9,68.4,groundnut
98,35,95,5.7,36.8,264.6,61.4,banana
22,98,104,5.8,29.6,174.1,59.5,cotton
18,99,139,7.9,35.2,138.7,87.8,cotton
127,51,82,6.2,21.5,72.9,70.1,millet
122,52,56,4.9,36.8,293.6,89.8,maize
132,74,75,6.9,35.1,266.7,81.9,groundnut
140,136,26,7.0,21.5,71.2,89.3,sugarcane
64,85,70,8.0,33.6,144.1,44.2,cotton
107,90,89,5.7,27.8,113.4,60.3,cotton
57,60,126,6.8,33.4,195.8,88.1,sugarcane
112,55,116,7.9,20.2,292.5,42.2,millet
79,117,19,4.8,23.0,104.2,54.7,cotton
116,53,117,5.8,33.3,278.8,87.9,paddy
116,7,121,5.2,28.3,138.3,69.2,sugarcane
100,40,140,7.7,34.8,287.4,76.3,maize
9,55,29,7.5,20.8,56.6,58.8,millet
10,84,25,5.8,37.5,260.5,81.9,paddy
104,98,128,4.5,21.4,222.9,66.7,groundnut
101,2,22,7.2,37.0,262.4,52.4,cotton
109,0,50,5.5,23.7,269.6,77.8,sugarcane
91,94,71,4.6,29.0,169.1,81.6,groundnut
11,53,132,4.8,34.3,197.5,64.0,groundnut
84,65,74,5.2,22.5,53.6,57.5,millet
81,29,78,6.0,36.3,137.1,65.7,groundnut
29,105,50,6.9,34.3,164.8,82.1,millet
83,68,33,6.7,26.3,102.3,69.0,paddy
114,110,79,5.0,22.5,210.2,49.1,banana
95,92,60,5.2,20.7,92.2,53.9,paddy
21,69,0,6.4,26.4,273.6,46.4,cotton
44,72,25,7.3,31.3,70.4,83.7,groundnut
47,60,80,5.5,34.5,237.1,49.2,millet
46,126,55,6.2,31.1,142.2,63.1,millet
13,55,114,7.0,36.1,177.9,66.6,cotton
17,37,114,5.3,24.8,144.3,41.0,cotton
16,85,125,4.9,36.0,198.4,74.0,paddy
108,110,110,7.1,30.0,196.6,68.2,banana
100,5,25,6.6,24.4,174.6,56.5,groundnut
32,20,69,5.4,22.9,96.6,54.3,paddy
54,136,130,6.3,27.4,295.6,45.6,millet
74,3,78,7.4,24.6,92.7,73.4,groundnut
78,135,25,5.5,33.9,96.8,56.2,paddy
19,112,139,4.9,31.0,122.2,69.1,banana
99,76,2,4.7,26.1,83.6,43.2,banana
129,12,129,4.8,22.5,50.7,45.8,maize
37,93,94,7.8,35.0,291.3,46.2,millet
136,75,34,7.7,33.0,62.0,79.1,banana
104,13,59,5.1,23.0,253.6,73.3,banana
61,131,88,7.6,27.1,254.1,62.0,groundnut
31,124,96,7.1,29.0,108.1,85.0,sugarcane
52,103,103,6.7,22.1,285.0,71.4,millet
14,110,32,6.4,36.1,247.1,47.6,groundnut
32,85,65,7.2,35.8,135.5,81.1,paddy
46,108,14,7.3,22.7,107.3,76.1,millet
94,114,35,7.0,30.8,256.7,88.0,groundnut
133,22,46,5.5,31.1,278.0,47.0,sugarcane
110,103,59,6.6,21.8,279.7,79.5,groundnut
71,126,105,7.2,26.7,67.2,43.9,cotton
39,40,10,6.1,22.0,296.2,81.9,sugarcane
56,0,62,5.6,24.1,202.0,59.0,sugarcane
136,56,116,6.6,22.1,153.6,83.2,cotton
129,134,90,6.1,24.0,163.1,47.0,sugarcane
87,28,62,5.5,24.0,103.2,65.8,paddy
83,104,117,7.5,29.6,96.1,55.0,paddy
122,61,31,6.1,31.2,144.4,81.8,cotton
17,0,77,7.0,29.5,183.6,64.1,banana
62,131,128,5.7,21.4,238.3,53.6,sugarcane
109,123,86,7.9,35.1,266.7,60.4,banana
66,71,53,5.7,30.2,271.9,67.8,paddy
34,95,87,7.0,35.4,257.6,59.9,groundnut
54,6,73,4.8,23.7,56.6,49.1,cotton
28,81,1,7.7,31.2,134.0,81.3,maize
118,139,19,6.7,27.4,188.0,61.8,banana
98,85,107,5.0,35.6,171.9,84.7,maize
113,114,13,7.1,32.6,150.6,50.9,paddy
3,28,108,6.9,32.3,255.6,66.5,sugarcane
99,40,33,6.4,31.7,257.4,50.3,groundnut
85,26,56,5.4,33.2,112.7,71.7,groundnut
137,121,45,4.7,23.0,234.5,44.1,cotton
114,25,28,5.9,25.2,138.9,76.0,maize
53,97,54,6.8,36.9,233.1,50.7,millet
80,108,72,4.8,33.1,173.9,74.4,maize
24,38,34,7.4,34.4,223.7,53.6,groundnut
11,18,100,4.8,36.5,84.2,87.5,groundnut
46,11,61,7.9,33.7,209.7,78.0,millet
117,24,88,6.8,32.5,62.9,73.5,cotton
15,25,85,7.7,20.6,224.4,54.9,groundnut
58,81,115,7.5,25.7,257.2,41.9,groundnut
107,44,97,7.6,29.5,160.3,60.2,millet
14,119,3,7.3,25.7,206.5,84.3,millet
107,125,54,6.1,37.8,50.1,49.3,groundnut
95,122,38,4.5,20.9,72.1,41.9,groundnut
15,120,9,4.8,26.1,180.6,76.6,maize
2,119,67,7.0,30.6,119.3,85.5,paddy
72,48,120,6.9,23.9,287.5,79.3,millet
123,38,62,7.8,28.4,203.4,48.4,banana
3,58,71,7.8,31.7,201.9,65.6,maize
106,56,2,7.4,34.4,207.4,50.8,groundnut
98,19,121,6.3,24.7,178.8,64.6,paddy
2,12,119,7.1,20.6,273.7,83.0,paddy
104,66,122,5.0,36.0,288.9,83.1,banana
39,24,4,7.1,25.1,113.2,40.3,paddy
132,89,36,5.3,32.3,69.0,82.6,banana
61,92,114,7.4,26.3,219.5,68.3,cotton
32,5,79,6.8,35.3,266.8,75.4,cotton
44,88,99,6.7,33.5,89.7,84.0,banana
30,22,137,7.4,24.1,277.2,40.1,groundnut
76,11,38,5.2,21.5,131.6,68.0,groundnut
97,87,108,7.2,21.9,240.3,67.1,millet
62,59,78,7.8,21.8,284.3,74.4,groundnut
67,16,11,4.7,30.5,136.5,71.0,groundnut
49,13,28,6.1,31.7,198.6,59.2,banana
138,32,133,5.8,34.7,113.1,40.1,cotton
28,3,98,6.1,22.9,248.7,74.7,groundnut
31,129,83,6.8,24.9,287.7,47.6,maize
20,46,100,6.7,27.2,118.6,89.2,maize
57,123,14,7.1,23.6,267.0,75.7,paddy
14,26,71,5.1,23.7,72.8,47.7,groundnut
49,130,92,5.0,20.6,280.2,70.8,banana
14,16,125,6.9,27.7,100.1,64.6,sugarcane
116,129,87,6.0,37.7,87.4,63.2,millet
63,81,109,7.9,33.0,214.2,77.9,sugarcane
101,135,10,6.2,21.9,110.5,89.3,maize
79,53,85,5.2,26.2,244.0,87.1,millet
1,32,76,4.8,27.1,83.2,68.4,paddy
121,105,118,6.8,37.1,81.1,84.8,sugarcane
5,72,102,6.6,25.4,283.8,87.4,paddy
61,83,61,6.6,28.7,215.2,67.7,maize
57,21,126,6.8,29.5,232.9,44.1,sugarcane
11,86,11,5.1,35.7,104.8,88.8,sugarcane
135,118,52,6.8,29.0,188.8,76.0,maize
36,95,55,7.9,31.7,99.9,74.0,sugarcane
96,134,75,5.1,37.3,154.0,82.3,cotton
3,107,125,8.0,20.7,266.8,68.9,cotton
116,97,65,6.6,34.3,213.8,89.6,maize
124,11,130,6.7,31.4,233.3,46.6,groundnut
86,41,13,7.9,23.3,263.6,64.6,maize
59,124,110,6.6,30.4,215.7,44.8,sugarcane
122,88,27,5.4,31.8,131.3,78.7,paddy
44,46,30,5.3,21.3,92.4,66.0,maize
75,93,104,6.0,24.5,204.3,75.3,groundnut
27,120,106,7.1,31.9,168.7,82.2,sugarcane
55,110,133,5.2,22.0,117.4,42.9,maize
36,19,25,4.6,22.2,163.0,86.7,millet
11,19,42,4.6,25.8,293.3,69.0,cotton
37,83,127,5.0,22.6,285.0,76.6,millet
84,128,7,5.0,24.2,290.8,52.8,groundnut
54,118,113,5.4,35.0,266.2,78.4,paddy
71,88,45,7.7,30.8,285.2,81.3,banana
104,89,62,7.9,27.3,267.7,79.1,cotton
67,97,124,7.2,36.7,159.5,85.1,cotton
22,82,108,7.4,22.2,186.1,40.3,cotton
64,75,59,6.4,30.7,186.4,62.2,millet
10,98,109,6.7,33.7,175.1,67.1,sugarcane
116,11,132,5.9,30.4,183.4,70.4,groundnut
69,45,107,7.8,20.3,98.9,40.4,millet
116,123,24,6.8,26.8,99.3,64.0,millet
33,77,124,6.7,29.4,217.5,86.5,banana
34,135,105,6.6,32.9,118.2,60.7,maize
93,6,94,7.5,34.4,96.1,54.8,paddy
41,35,83,6.2,34.5,187.6,42.2,paddy
46,122,140,6.6,34.7,271.1,51.4,groundnut
14,9,121,5.8,36.3,242.5,67.8,paddy
36,67,49,7.1,35.3,217.9,80.5,banana
68,48,107,7.5,23.9,73.9,41.2,banana
10,137,77,6.7,21.1,85.4,53.7,millet
84,66,41,6.0,32.9,223.1,89.6,millet
45,18,67,7.0,30.4,118.5,44.0,maize
96,130,72,5.6,24.1,138.7,43.5,cotton
59,129,4,4.7,31.5,117.8,69.6,paddy
43,124,57,5.7,32.1,298.5,73.1,banana
34,97,29,5.7,30.4,72.2,88.1,paddy
30,46,54,6.4,21.7,162.6,77.8,cotton
139,135,2,7.7,24.2,149.8,47.6,paddy
103,107,64,7.4,29.4,205.9,44.5,cotton
31,15,37,5.1,21.1,79.4,51.4,millet
65,104,84,5.7,24.3,177.4,81.3,cotton
54,5,85,6.5,27.0,175.3,59.9,sugarcane
81,34,133,5.0,23.8,254.7,56.1,sugarcane
65,90,129,5.3,37.2,193.3,86.6,banana
24,53,32,7.7,28.8,201.6,78.2,groundnut
130,133,24,6.8,22.2,169.6,65.3,cotton
67,11,31,4.9,30.7,284.1,83.8,millet
59,133,92,4.6,30.8,141.2,59.3,cotton
9,88,129,6.2,33.6,204.9,54.9,cotton
82,136,98,4.8,34.1,116.3,48.9,millet
96,3,3,8.0,34.7,203.8,55.3,maize
123,62,115,5.9,31.8,138.6,66.3,maize
13,85,132,4.5,27.5,170.3,41.0,sugarcane
137,57,119,6.4,23.9,53.0,52.1,millet
81,138,51,5.4,22.7,81.8,83.2,cotton
81,41,20,7.8,22.4,75.5,72.9,maize
128,129,59,4.8,25.0,282.6,52.7,paddy
27,33,7,7.6,31.5,203.5,43.3,cotton
68,86,100,4.7,20.7,236.6,73.0,cotton
16,132,20,5.9,28.3,297.9,88.5,banana
134,27,50,5.1,21.8,215.1,78.2,banana
37,110,111,7.9,25.3,242.3,71.2,groundnut
48,35,125,5.4,21.2,290.0,63.9,groundnut
113,9,139,6.2,22.1,171.5,86.0,millet
10,9,14,4.9,30.8,73.8,58.8,maize
123,113,21,5.5,36.7,219.0,64.8,sugarcane
119,121,31,5.6,35.8,114.6,67.2,paddy
140,125,135,7.1,30.0,95.1,42.7,cotton
88,21,91,4.7,23.0,82.9,76.3,sugarcane
49,94,87,5.7,27.4,239.5,77.2,banana
117,18,22,6.9,35.7,209.1,78.1,banana
135,105,71,5.4,33.1,298.0,45.0,millet
97,9,127,7.4,31.1,222.0,58.8,groundnut
85,89,57,4.6,33.4,100.6,87.9,paddy
19,74,69,7.6,37.9,142.1,62.4,paddy
137,23,36,6.8,20.0,94.6,41.5,maize
3,56,19,5.9,35.7,177.5,76.2,sugarcane
79,54,131,4.7,28.8,199.8,70.1,cotton
59,48,62,4.8,21.1,133.6,79.2,maize
116,99,18,6.0,22.7,132.0,61.7,sugarcane
62,115,112,6.6,33.2,299.6,86.7,groundnut
3,46,46,7.4,26.9,193.0,69.4,cotton
60,137,49,5.1,32.6,196.5,69.3,paddy
80,108,50,7.8,24.7,157.4,83.6,sugarcane
63,48,73,7.8,32.7,207.8,42.5,cotton
128,23,56,4.5,21.0,106.3,46.6,millet
30,83,35,4.5,25.1,61.1,41.8,paddy
13,119,137,5.5,33.7,162.4,78.8,millet
72,44,106,4.7,36.3,84.8,66.6,maize
6,69,126,5.3,33.2,187.1,46.4,paddy
119,127,56,6.2,37.6,86.2,76.3,millet
48,114,88,7.8,37.4,95.8,41.1,cotton
126,70,85,6.5,29.4,78.7,83.0,cotton
42,85,16,6.6,24.1,261.7,61.4,groundnut
1,21,111,5.3,21.8,265.5,63.0,cotton
85,75,87,7.3,22.0,139.0,88.9,millet
62,48,31,5.4,23.0,132.6,77.8,banana
119,78,115,7.5,24.3,162.8,89.2,sugarcane
112,65,130,7.7,29.7,174.5,45.3,groundnut
22,88,122,5.8,34.0,291.1,50.2,maize
7,40,84,5.6,31.6,99.0,84.8,groundnut
41,59,11,5.1,31.0,140.8,84.9,groundnut
39,128,7,7.6,31.8,88.0,62.0,banana
109,18,31,4.9,33.3,129.9,89.4,sugarcane
118,20,12,5.6,37.9,294.9,72.8,cotton
68,24,130,6.3,32.9,272.6,44.0,banana
8,115,133,7.0,25.7,167.8,81.1,cotton
130,75,29,5.1,32.8,256.5,45.0,maize
33,40,50,6.1,33.5,212.8,71.0,cotton
16,68,107,6.1,37.6,208.5,46.3,sugarcane
65,46,123,8.0,21.3,69.3,57.0,groundnut
46,37,20,4.6,25.5,213.3,86.9,groundnut
38,136,98,4.7,36.2,212.7,83.7,maize
90,97,119,5.8,24.1,145.4,46.4,banana
29,77,83,4.6,27.6,56.8,88.3,banana
82,109,130,7.1,34.5,54.5,88.1,sugarcane
72,123,118,6.4,31.4,162.5,50.9,millet
60,29,8,4.5,28.4,125.3,69.9,cotton
77,40,67,7.6,35.8,132.6,57.0,banana
15,61,112,5.5,27.7,116.9,79.5,millet
68,47,19,5.3,28.8,234.4,66.3,cotton
67,34,64,4.6,32.5,70.6,85.5,paddy
46,14,104,5.7,23.0,92.6,87.4,sugarcane
19,131,54,6.3,21.9,146.1,64.4,sugarcane
90,104,0,5.4,27.3,272.9,40.1,sugarcane
11,5,26,5.0,25.0,292.9,56.6,cotton
98,34,83,5.2,29.3,51.4,40.4,paddy
135,42,123,5.5,28.3,159.6,50.9,sugarcane
106,53,125,5.5,34.7,121.1,80.9,groundnut
50,58,40,4.6,32.2,61.2,62.5,cotton
45,44,0,5.9,33.1,270.6,73.5,millet
11,44,89,7.8,34.8,50.4,71.8,cotton
83,81,67,5.8,28.2,142.3,46.1,millet
83,112,75,4.8,26.4,285.4,73.4,maize
50,74,9,6.3,22.5,78.9,47.7,paddy
83,116,1,6.4,34.9,297.8,81.0,banana
11,64,54,6.5,20.8,80.8,67.9,paddy
22,37,27,5.9,35.3,151.0,43.9,millet
121,29,107,7.3,34.8,264.4,85.8,paddy
22,103,74,6.5,26.7,200.3,75.3,millet
33,6,55,7.2,37.0,134.9,65.9,paddy
125,138,48,4.9,35.2,182.8,82.1,groundnut
64,30,131,5.1,37.5,107.1,88.9,maize
74,44,3,4.8,23.8,281.4,60.7,banana
49,5,58,5.0,28.8,82.5,81.8,banana
123,100,34,7.6,30.9,256.7,89.2,cotton
58,125,108,7.9,33.9,295.0,63.9,cotton
108,85,52,7.4,27.9,125.6,53.0,cotton
84,126,20,7.9,30.0,136.8,69.0,banana
140,110,97,6.2,27.2,298.5,84.0,cotton
18,84,7,4.6,28.6,185.8,51.4,sugarcane
116,97,10,5.7,28.3,59.5,77.3,banana
4,19,45,4.6,37.5,287.3,65.6,millet
51,95,69,6.6,26.8,121.4,50.2,maize
81,91,3,7.3,28.6,299.0,43.0,millet
80,80,112,5.5,24.3,128.0,52.8,cotton
12,30,113,6.2,32.4,230.7,74.6,cotton
63,125,20,5.8,34.5,119.7,50.5,groundnut
46,18,113,6.9,34.9,123.7,40.7,paddy
35,24,36,7.1,22.6,238.4,78.4,paddy
126,0,34,6.6,21.6,171.9,43.9,paddy
101,74,98,6.4,31.4,194.3,74.9,maize
60,82,122,7.5,32.3,78.2,82.1,cotton
101,65,12,6.8,23.8,265.9,60.1,maize
119,125,54,7.7,25.8,169.1,51.3,millet
12,20,52,6.0,33.7,97.0,76.0,paddy
73,9,53,4.8,32.3,110.5,75.7,sugarcane
52,78,21,6.5,22.2,279.2,76.0,maize
118,33,81,7.4,33.0,117.9,60.1,maize
92,17,95,6.6,36.1,195.8,63.3,paddy
68,120,63,5.6,21.8,140.1,53.5,sugarcane
99,81,50,6.0,36.4,144.3,88.2,banana
59,119,137,5.0,24.6,268.9,49.1,cotton
10,16,24,5.5,21.9,245.5,72.2,maize
100,47,102,6.3,27.8,164.4,50.4,groundnut
104,123,12,6.0,34.8,262.6,50.6,sugarcane
53,99,108,7.1,20.6,148.7,86.5,paddy
17,2,27,7.9,20.9,220.5,63.4,maize
99,20,12,4.7,22.0,179.0,53.4,paddy
73,45,12,5.8,26.1,54.8,46.2,cotton
130,110,101,6.4,30.7,52.5,63.2,groundnut
121,89,64,5.6,33.9,243.2,66.1,maize
26,133,134,4.6,25.3,243.3,65.9,groundnut
56,125,11,4.5,25.4,211.6,88.7,maize
50,74,7,7.2,34.0,164.5,59.9,millet
103,97,78,4.7,32.1,195.6,89.5,maize
132,55,95,6.8,31.6,190.3,78.8,millet
58,89,105,7.6,35.2,128.8,53.8,paddy
103,67,94,6.9,24.7,136.3,85.9,cotton
56,46,25,5.0,20.1,207.7,62.4,sugarcane
14,60,121,6.9,21.4,118.7,80.3,sugarcane
77,45,140,6.1,30.1,266.0,64.1,groundnut
107,74,76,6.3,27.1,214.8,45.4,cotton
98,47,63,7.8,29.4,104.8,62.9,maize
18,54,101,6.7,37.7,97.5,79.6,groundnut
124,97,16,7.9,29.4,294.3,77.9,banana
105,7,95,5.6,24.2,164.6,79.1,cotton
87,85,92,6.2,20.2,52.3,57.9,maize
103,65,54,7.1,21.7,157.2,41.5,maize
107,140,9,7.7,22.8,297.5,87.7,banana
88,92,70,5.8,27.1,238.6,85.9,paddy
102,90,89,5.7,34.2,112.8,68.2,paddy
81,67,113,7.7,35.8,293.6,41.4,banana
40,104,132,4.6,23.2,266.7,54.1,banana
67,138,55,6.5,29.3,239.7,54.1,cotton
46,70,39,5.9,33.7,255.8,84.4,maize
115,108,135,5.2,26.0,263.8,50.4,groundnut
67,121,14,7.6,28.3,73.8,81.3,paddy
23,23,3,5.0,35.8,184.8,54.1,millet
108,68,94,4.9,33.8,50.0,60.8,millet
69,100,56,7.9,24.1,126.0,55.2,sugarcane
127,85,46,5.2,25.6,232.9,72.0,banana
140,86,57,5.6,25.9,228.2,80.8,paddy
125,122,46,7.3,37.7,238.6,59.7,sugarcane
15,58,30,7.1,20.4,117.3,65.9,cotton
138,9,16,6.6,25.3,228.6,78.0,paddy
64,50,35,7.9,28.1,89.8,49.0,sugarcane
122,0,121,7.1,35.5,118.5,80.4,millet
72,140,69,5.7,37.6,264.1,75.1,cotton
111,108,64,5.6,28.7,176.7,59.4,maize
112,82,42,7.4,20.2,225.9,88.5,maize
131,58,82,7.0,29.6,185.2,61.5,cotton
26,79,133,4.9,37.3,228.6,87.6,cotton
42,88,94,5.6,25.2,267.9,73.6,banana
71,6,118,6.5,35.0,276.5,40.6,cotton
112,11,125,5.9,23.4,152.9,86.7,maize
56,77,68,4.7,34.1,121.4,61.6,cotton
122,46,32,6.7,32.1,208.1,49.9,banana
127,53,28,5.6,36.9,278.7,40.6,banana
16,65,5,6.4,37.6,188.9,49.5,sugarcane
70,130,9,6.3,33.3,207.7,67.5,maize
21,38,19,5.5,21.7,199.8,71.2,sugarcane
65,52,33,7.0,26.7,190.9,62.5,millet
99,58,1,7.5,37.0,76.5,47.7,sugarcane
58,47,122,7.2,31.3,143.4,42.5,millet
112,44,67,7.8,29.8,284.9,51.0,paddy
45,105,31,5.3,32.0,174.5,77.1,paddy
84,126,110,5.4,27.8,230.9,40.5,groundnut
16,42,120,6.8,32.6,101.0,72.7,maize
110,46,62,5.7,20.3,69.3,85.6,cotton
60,61,57,6.6,30.7,143.1,56.7,banana
37,126,18,6.2,25.1,246.7,59.9,groundnut
64,119,90,6.3,21.2,142.8,86.0,sugarcane
106,88,38,5.4,26.6,273.8,73.3,sugarcane
84,1,57,5.4,32.7,156.9,62.1,banana
106,36,78,4.7,34.8,123.1,62.2,maize
3,134,60,6.1,20.5,102.5,54.1,paddy
120,128,101,5.1,22.9,67.6,49.3,banana
108,46,83,6.1,34.5,52.0,86.2,cotton
55,22,20,7.1,21.4,268.2,81.4,banana
31,54,95,7.3,31.4,143.4,53.6,sugarcane
112,60,136,4.8,34.9,137.2,66.1,paddy
86,75,56,4.5,25.3,164.8,60.6,cotton
115,111,44,5.1,20.0,229.7,76.6,sugarcane
93,32,125,5.1,36.0,110.4,57.7,groundnut
114,27,10,5.4,21.0,147.8,51.7,maize
125,71,106,6.4,27.5,157.2,67.0,millet
97,140,128,6.7,29.6,78.8,70.3,groundnut
38,127,87,6.9,23.7,148.0,84.8,cotton
57,48,102,6.0,20.3,248.2,43.5,millet
130,28,116,5.3,32.9,270.4,76.6,cotton
119,55,64,6.1,35.7,100.9,46.4,paddy
82,14,130,4.5,27.4,211.9,40.8,sugarcane
135,21,5,5.9,29.8,292.0,43.3,groundnut
48,81,65,6.3,37.8,107.9,87.1,paddy
66,82,2,5.7,26.7,67.2,58.5,groundnut
59,115,74,6.8,32.8,52.1,50.9,banana
48,136,91,6.7,21.7,75.9,42.4,sugarcane
135,57,100,6.3,26.3,219.4,77.9,maize
43,28,58,5.1,23.5,272.6,77.5,banana
130,20,63,7.2,35.3,185.4,77.9,paddy
12,10,53,5.9,30.6,96.3,70.0,maize
93,137,43,7.1,30.0,196.2,46.7,groundnut
89,22,61,7.3,24.9,223.1,53.2,banana
60,128,121,5.5,31.8,255.9,43.2,sugarcane
131,22,118,5.2,21.6,224.7,58.4,cotton
135,0,62,5.4,27.5,272.1,81.2,maize
119,45,133,6.0,23.6,178.6,76.8,maize
103,76,1,7.1,34.6,226.7,88.4,millet
19,139,42,7.8,34.4,218.6,40.3,banana
94,12,112,7.9,36.1,262.3,60.3,banana
47,34,85,4.6,33.8,205.9,78.1,sugarcane
98,2,84,5.9,27.0,67.3,71.9,millet
73,60,19,6.5,35.6,144.8,58.6,banana
58,132,50,6.1,28.9,265.3,63.1,maize
13,31,138,7.4,26.5,265.9,45.5,sugarcane
20,132,86,6.9,32.5,212.2,53.8,banana
64,63,70,6.6,23.2,226.3,62.8,banana
92,111,118,5.1,28.2,163.7,74.3,millet
130,89,93,7.6,30.5,258.4,72.1,sugarcane
25,74,107,5.7,20.9,57.9,61.2,sugarcane
127,83,115,5.4,32.4,199.2,65.1,sugarcane
87,72,36,7.6,31.2,293.3,63.3,banana
116,109,19,5.7,27.8,149.0,73.5,millet
93,10,97,4.7,23.8,107.3,63.5,groundnut
137,51,14,5.0,37.5,239.8,88.4,sugarcane
55,103,138,5.6,25.4,108.1,46.5,maize
27,48,124,5.6,37.6,92.5,84.9,millet
126,87,126,5.4,21.8,257.3,75.3,groundnut
95,9,127,5.0,31.2,118.4,64.4,sugarcane
64,56,105,5.5,26.5,97.7,57.4,paddy
114,105,14,4.7,22.3,190.6,78.3,groundnut
81,76,75,6.2,35.1,140.4,83.0,maize
38,88,61,7.7,36.0,254.5,65.5,groundnut
89,13,94,5.9,37.5,283.1,77.1,cotton
119,52,130,5.1,34.9,121.4,86.4,banana
71,61,5,5.8,34.4,141.8,44.4,millet
58,30,92,7.3,23.2,218.2,51.0,paddy
83,126,131,4.5,35.7,248.1,71.4,sugarcane
80,128,16,5.5,24.3,287.1,87.2,cotton
110,12,15,6.7,33.7,178.2,75.2,banana
95,93,81,5.1,20.5,101.1,57.0,cotton
115,107,52,4.7,20.6,187.8,61.9,banana
110,0,43,4.6,28.1,109.4,42.5,sugarcane
135,71,11,5.8,34.4,148.0,77.5,paddy
94,16,84,7.4,36.7,141.5,55.9,banana
53,114,138,5.5,26.0,123.4,42.1,cotton
16,5,27,7.5,37.0,271.2,77.0,millet
42,57,12,4.5,32.9,226.6,71.1,groundnut
82,98,103,5.6,35.3,72.2,89.6,sugarcane
113,131,136,5.3,32.8,118.2,57.1,paddy
24,33,66,5.4,28.5,215.5,77.6,cotton
66,4,26,4.7,20.1,103.1,73.2,groundnut
94,83,139,7.7,25.6,222.8,53.6,groundnut
65,130,121,6.6,35.5,255.6,48.7,paddy
115,37,109,6.6,27.8,91.1,45.8,cotton
69,112,106,5.7,33.2,214.7,86.6,cotton
103,39,137,5.6,20.2,256.6,80.0,maize
121,54,36,4.9,37.7,103.7,43.4,cotton
103,50,29,7.5,24.0,268.3,79.5,groundnut
124,121,93,5.4,37.5,157.8,57.4,millet
30,51,88,6.9,28.2,106.6,70.7,millet
78,21,98,5.7,26.5,251.4,56.4,paddy
140,80,77,7.7,30.2,95.7,47.0,groundnut
53,26,12,6.1,25.5,283.1,45.9,millet
57,48,25,7.8,25.6,112.4,72.7,sugarcane
131,16,13,7.5,24.0,109.8,65.6,groundnut
80,99,121,7.4,34.7,203.0,58.7,millet
49,64,98,5.7,27.4,219.0,72.9,banana
67,39,131,6.0,23.0,269.8,67.9,millet
135,23,14,7.1,37.2,105.1,84.3,sugarcane
114,102,124,6.7,27.3,238.1,66.6,maize
116,59,97,7.4,22.6,258.2,67.0,cotton
107,3,92,7.7,24.5,261.1,64.2,groundnut
5,111,119,4.6,24.9,51.6,88.9,paddy
80,40,132,7.5,34.8,160.1,46.6,maize
111,10,2,8.0,23.4,164.9,61.5,sugarcane
72,22,82,7.6,27.6,174.2,85.8,banana
111,24,73,7.6,21.5,148.3,45.0,paddy
24,77,98,6.6,22.9,108.5,41.2,paddy
134,125,63,5.5,20.6,281.7,50.7,cotton
17,89,5,7.2,25.6,112.0,74.9,paddy
76,131,129,4.7,29.6,191.5,77.6,maize
110,118,62,4.7,27.7,258.1,80.3,millet
119,35,7,7.8,21.7,162.5,56.9,cotton
100,13,70,4.7,28.9,160.5,56.7,maize
18,105,20,7.3,33.7,88.5,47.5,maize
62,129,15,5.1,34.9,196.2,56.9,sugarcane
140,61,117,5.4,35.9,273.9,54.9,groundnut
37,69,115,6.9,34.9,218.3,81.2,millet
4,86,125,6.4,21.5,58.7,89.5,groundnut
41,136,105,6.3,22.1,92.3,57.6,cotton
84,82,94,6.1,31.1,152.8,61.4,banana
16,95,15,5.2,36.8,222.3,81.2,maize
84,3,70,4.6,34.7,60.0,84.5,millet
64,46,105,7.3,30.8,177.9,43.1,maize
39,49,74,7.5,25.8,219.1,69.7,banana
48,129,59,4.5,26.8,85.8,40.9,groundnut
41,39,76,6.8,31.7,112.8,72.5,groundnut
21,106,26,7.1,26.1,169.6,86.4,cotton
75,89,9,4.8,24.7,57.0,71.6,paddy
123,129,56,7.9,20.9,272.6,68.8,paddy
102,23,137,6.4,35.1,81.9,80.0,cotton
75,35,21,6.3,32.6,275.1,79.6,groundnut
17,37,108,5.5,23.9,215.5,71.7,paddy
139,80,86,6.4,26.2,83.6,44.7,sugarcane
53,43,97,5.6,36.1,211.2,54.4,paddy
78,42,96,4.5,25.8,188.6,47.4,sugarcane
31,140,34,7.6,30.0,253.1,59.2,sugarcane
68,88,71,4.8,25.7,74.2,48.8,groundnut
53,87,53,7.6,37.9,195.7,80.6,millet
110,128,80,6.2,35.5,198.1,74.7,groundnut
130,107,108,5.4,34.5,156.5,89.7,paddy
140,140,85,5.6,28.9,249.1,51.6,banana
41,89,114,6.2,30.5,185.3,44.3,maize
38,11,10,6.7,34.8,60.4,64.9,banana
115,112,64,7.9,29.8,83.9,84.7,sugarcane
10,102,60,8.0,32.6,242.6,56.9,millet
116,45,52,5.6,21.0,241.6,75.1,banana
115,117,3,5.9,33.6,163.5,60.6,paddy
22,27,110,5.7,34.7,166.7,43.8,sugarcane
77,34,29,6.2,21.9,78.5,87.1,sugarcane
78,109,101,5.9,31.9,160.5,72.4,cotton
63,86,6,6.8,37.2,87.9,63.9,sugarcane
124,49,51,5.5,22.9,218.9,41.9,millet
3,0,70,6.6,35.7,194.2,57.3,maize
35,122,42,6.5,36.3,149.1,54.8,banana
46,30,3,6.7,29.4,129.8,63.5,banana
131,29,21,6.2,31.3,257.2,79.2,paddy
0,126,89,7.9,23.2,230.5,42.0,cotton
18,100,94,8.0,20.2,273.8,47.5,sugarcane
117,93,136,7.6,20.2,106.7,68.3,maize
14,1,116,4.9,22.3,97.3,63.0,cotton
107,94,121,6.0,23.6,116.1,65.2,sugarcane
126,133,24,6.1,20.3,111.8,83.3,sugarcane
118,8,41,5.5,35.1,185.7,58.7,millet
122,110,130,5.1,23.6,146.7,42.6,millet
37,76,92,6.2,26.9,259.8,47.3,millet
84,44,135,6.5,30.2,269.5,67.9,maize
70,14,70,4.7,23.3,185.3,72.3,cotton
9,109,112,4.8,23.1,81.7,46.2,paddy
120,22,133,6.9,37.1,85.6,59.1,sugarcane
27,58,62,6.8,31.6,152.7,64.5,sugarcane
67,45,66,7.9,29.9,290.8,45.7,maize
12,24,117,6.7,23.7,196.9,45.6,cotton
62,75,113,6.7,31.7,260.9,56.2,millet
13,117,44,5.3,27.2,152.4,88.9,groundnut
18,81,75,7.1,27.6,194.6,81.6,millet
125,36,98,5.0,27.5,187.1,60.1,banana
53,15,27,6.9,27.1,83.3,47.9,millet
84,25,84,8.0,23.7,138.9,73.5,millet
106,95,76,6.6,30.4,90.4,63.6,banana
90,44,87,7.1,20.5,138.7,79.0,millet
90,133,90,6.9,30.2,249.1,76.8,maize
76,86,100,7.7,21.1,223.5,49.1,cotton
40,133,74,5.5,33.2,56.0,69.2,groundnut
116,98,18,6.7,29.9,151.8,66.1,banana
0,125,88,5.6,31.3,252.1,70.6,sugarcane
72,128,41,5.1,24.8,99.7,52.3,sugarcane
88,124,44,6.6,27.7,203.9,44.1,groundnut
30,9,29,7.0,30.4,53.7,58.0,millet
14,3,8,5.6,25.3,116.5,56.6,millet
51,68,4,6.5,31.9,219.8,86.6,paddy
108,73,94,5.0,31.5,129.9,42.9,groundnut
116,10,98,7.7,20.4,102.4,60.8,sugarcane
73,72,51,6.3,32.2,282.9,71.0,cotton
84,88,30,7.9,27.1,82.7,73.6,millet
121,102,105,7.0,26.6,86.8,50.3,cotton
68,58,125,5.2,34.1,277.3,58.5,maize
34,13,101,6.7,20.5,247.0,85.2,paddy
71,79,82,7.6,25.4,264.7,82.9,sugarcane
35,5,133,6.9,26.0,175.1,72.3,groundnut
126,114,125,5.6,34.4,265.4,46.9,groundnut
20,53,102,7.1,34.6,286.4,55.6,groundnut
70,136,108,7.0,33.4,219.4,52.6,banana
130,103,6,7.0,28.6,262.3,59.2,banana
122,74,41,6.4,23.4,230.1,65.6,paddy
132,47,2,7.0,21.9,259.7,73.6,millet
60,94,16,5.6,22.5,203.0,55.3,cotton
78,78,69,5.7,35.5,108.3,74.8,groundnut
46,104,97,7.2,27.1,84.8,40.5,sugarcane
12,0,33,5.8,26.4,136.0,66.0,paddy
37,13,135,5.9,28.5,162.8,83.5,sugarcane
92,83,84,5.9,34.7,273.8,82.7,sugarcane
16,79,129,7.8,31.9,236.6,55.6,paddy
68,68,15,5.8,30.3,169.7,83.1,paddy
8,106,99,6.3,25.1,255.6,77.6,groundnut
109,96,17,7.0,24.2,226.4,55.4,banana
81,26,58,6.7,32.9,77.7,41.8,cotton
61,33,86,7.1,24.9,206.2,44.1,sugarcane
112,38,78,7.2,32.1,57.9,66.7,sugarcane
66,70,105,6.5,25.0,245.6,84.3,maize
51,113,106,5.4,29.6,264.7,56.3,paddy
127,19,71,5.6,24.3,108.4,43.4,groundnut
62,59,98,5.8,27.9,294.4,80.4,banana
41,97,30,5.7,32.8,298.4,55.7,banana
109,21,55,5.5,25.9,55.2,78.0,millet
51,84,64,7.8,24.4,264.9,48.4,paddy
53,25,79,4.9,35.1,175.6,40.7,cotton
22,134,70,6.3,35.8,288.1,77.7,banana
95,1,9,5.2,28.0,257.5,72.7,millet
83,128,57,4.8,26.8,153.4,42.0,paddy
134,78,43,7.9,33.2,224.9,82.6,groundnut
68,60,129,7.2,22.0,295.3,59.1,banana
34,78,66,5.2,22.6,284.5,85.9,sugarcane
57,31,30,7.3,21.2,133.7,55.7,banana
102,9,70,7.4,32.4,188.0,52.1,sugarcane
73,114,50,6.7,30.8,224.0,58.1,paddy
27,63,129,5.8,29.3,153.3,50.0,banana
21,73,24,6.6,24.3,146.7,44.0,maize
119,96,56,4.5,28.7,80.8,55.4,sugarcane
16,116,49,7.9,23.7,235.4,67.3,paddy
73,108,17,7.1,25.4,199.8,50.1,millet
131,81,119,6.6,35.9,62.4,52.9,sugarcane
18,89,25,6.0,26.2,290.4,62.2,millet
130,41,18,6.5,33.7,253.0,57.1,cotton
48,54,98,8.0,34.2,200.3,57.0,banana
53,61,128,4.7,27.2,218.4,62.5,maize
91,133,79,6.8,23.9,78.2,69.8,cotton
25,120,44,5.8,21.9,182.8,59.8,paddy
107,29,48,7.6,29.5,226.8,52.6,groundnut
25,47,65,4.6,26.4,133.4,59.4,groundnut
129,83,19,7.0,30.8,232.8,78.5,maize
77,15,82,5.7,31.7,67.1,84.9,maize
17,11,122,6.6,25.9,97.9,67.8,sugarcane
5,83,52,4.8,34.0,261.9,49.1,banana
121,68,22,7.3,22.1,85.1,54.3,banana
71,120,10,7.0,36.7,234.7,55.3,groundnut
13,9,139,5.2,21.7,183.1,81.1,millet
114,0,11,4.7,23.1,226.9,75.6,paddy
131,81,18,7.7,33.7,197.9,49.6,paddy
10,126,139,6.2,29.5,133.6,66.0,banana
111,7,35,4.8,27.9,214.6,61.9,groundnut
85,49,19,7.7,29.0,132.0,76.9,cotton
43,85,43,7.5,20.7,62.4,71.2,sugarcane
50,9,119,7.9,29.3,203.5,51.8,sugarcane
17,56,95,7.5,22.1,113.8,81.4,paddy
31,25,24,4.9,20.7,63.2,81.7,groundnut
30,63,32,7.5,24.7,155.4,42.0,cotton
113,109,87,6.7,35.9,107.8,60.2,banana
138,12,39,6.3,35.3,221.3,54.5,paddy
22,53,64,4.8,27.5,78.3,48.6,groundnut
12,82,28,5.3,29.3,75.6,77.6,cotton
107,81,76,7.5,32.5,52.6,59.7,groundnut
87,15,72,5.9,35.8,212.2,85.0,groundnut
109,105,126,6.8,27.2,124.5,71.3,cotton
84,64,131,5.3,31.1,60.1,56.3,maize
122,67,103,6.5,20.4,58.6,62.3,cotton
96,8,11,5.9,31.4,205.3,46.0,cotton
109,76,102,7.8,32.2,140.9,86.9,groundnut
32,70,55,6.7,36.6,299.4,41.6,maize
4,82,50,5.2,37.2,279.6,42.3,millet
24,97,100,6.0,35.7,95.2,87.4,maize
120,104,3,6.2,22.4,110.6,54.6,millet
115,68,97,6.2,23.0,138.7,60.0,maize
87,89,48,5.7,34.3,69.4,54.1,banana
129,48,125,4.6,26.6,294.8,61.0,maize
123,79,110,7.0,28.0,284.7,54.7,groundnut
112,85,113,7.5,28.7,67.2,67.5,sugarcane
94,43,86,5.1,21.1,255.7,55.6,maize
36,76,44,5.2,22.3,124.5,79.0,cotton
43,6,116,5.7,36.9,135.8,89.4,cotton
40,121,137,5.4,26.3,226.4,66.1,groundnut
91,112,77,5.1,20.7,55.5,78.7,paddy
61,51,39,6.0,20.5,245.9,40.5,paddy
96,42,35,6.2,27.0,271.9,84.7,sugarcane
20,91,126,4.7,36.8,62.6,67.4,groundnut
4,119,20,6.5,25.1,119.8,60.2,paddy
130,20,39,5.0,27.9,177.6,52.9,paddy
108,97,111,7.8,26.0,192.7,85.5,maize
65,18,134,6.5,31.0,285.6,79.4,paddy
1,62,61,6.9,33.2,298.9,54.4,banana
80,38,35,4.8,21.0,82.3,42.9,banana
28,50,13,5.5,21.6,217.0,46.7,maize
87,98,22,5.8,26.2,158.0,79.1,sugarcane
26,108,75,7.0,23.4,237.6,51.8,maize
58,95,102,6.3,28.0,291.7,68.6,banana
81,71,53,7.7,31.9,147.2,46.6,groundnut
136,34,81,5.4,26.3,273.9,88.3,banana
22,47,124,4.7,20.9,146.6,57.7,paddy
94,139,105,5.6,23.5,127.4,88.7,paddy
73,107,121,7.3,27.3,50.7,82.5,groundnut
118,44,57,5.5,27.1,221.8,80.7,banana
2,85,73,4.9,21.2,170.9,51.0,cotton
119,65,3,4.8,32.9,117.8,78.0,cotton
136,20,23,7.5,35.7,154.6,62.2,groundnut
53,34,55,6.3,34.0,264.6,82.2,cotton
5,16,98,6.7,37.9,244.4,51.3,banana
21,110,106,7.3,25.3,161.6,76.4,maize
102,38,12,5.3,31.9,202.4,85.8,maize
56,39,117,6.5,24.9,168.6,56.7,paddy
125,70,116,6.5,31.4,179.7,42.6,banana
70,65,69,5.1,29.1,130.7,52.9,banana
139,38,44,7.5,32.7,76.6,78.8,paddy
83,88,78,6.8,35.0,194.3,72.3,groundnut
113,132,17,6.7,21.5,158.8,54.6,sugarcane
78,122,43,7.3,22.9,76.1,47.3,groundnut
1,93,140,6.1,21.9,212.4,83.4,maize
23,90,93,4.9,20.9,114.4,46.8,cotton
37,52,47,4.9,33.2,118.8,72.0,cotton
38,3,125,5.4,25.0,282.7,41.2,banana
20,38,101,7.9,21.2,255.5,72.3,groundnut
98,34,102,7.2,33.5,197.1,50.6,paddy
125,68,8,6.0,28.4,282.1,72.1,groundnut
84,48,69,7.7,37.7,215.5,80.8,maize
89,25,71,5.7,32.0,75.6,40.6,cotton
46,94,12,6.1,28.3,69.2,73.5,banana
89,61,101,7.4,35.8,110.8,67.5,sugarcane
20,114,84,7.2,20.9,260.9,61.9,sugarcane
92,8,14,6.9,33.6,231.9,83.5,paddy
117,36,85,7.8,27.1,81.2,66.3,cotton
13,116,72,5.5,37.9,291.6,62.0,sugarcane
71,132,41,5.2,26.3,81.5,46.5,paddy
72,116,128,4.8,29.2,135.8,56.4,paddy
124,57,69,7.2,21.3,215.1,80.5,sugarcane
36,102,23,5.5,31.5,128.5,87.9,sugarcane
104,2,45,7.2,23.9,205.3,42.4,maize
23,34,23,6.3,36.4,86.7,72.3,cotton
14,10,78,6.2,36.4,282.0,48.3,sugarcane
102,40,58,6.1,24.7,269.7,49.8,banana
1,126,131,6.4,32.3,97.6,66.0,millet
55,34,111,7.4,26.0,193.6,65.7,maize
64,68,127,6.0,28.1,233.4,82.0,banana
67,35,21,5.3,23.9,63.7,40.9,maize
53,89,84,6.0,29.2,85.1,61.2,cotton
100,1,58,6.9,24.1,83.0,84.4,paddy
40,122,81,5.8,31.4,157.5,61.9,groundnut
132,80,105,6.1,36.9,288.2,52.0,banana
99,8,61,7.7,31.4,230.3,52.9,paddy
78,92,3,6.7,22.6,255.8,51.8,groundnut
130,113,61,5.1,20.8,194.9,85.6,sugarcane
57,111,56,5.2,24.8,215.7,88.3,maize
7,43,97,7.3,22.4,294.4,88.2,cotton
125,66,29,5.2,34.1,100.9,53.0,paddy
129,61,2,6.7,27.5,91.6,89.3,paddy
136,129,40,6.8,33.1,246.6,52.2,millet
109,68,57,4.7,31.0,295.9,58.0,cotton
29,70,117,6.4,37.9,168.6,80.8,groundnut
42,48,41,7.3,32.9,112.2,85.5,cotton
84,99,103,4.6,31.6,119.3,62.5,groundnut
124,123,29,6.3,22.9,289.9,82.6,banana
18,4,74,7.2,22.6,52.2,41.0,paddy
26,82,127,5.2,33.5,236.6,47.3,groundnut
96,110,15,7.3,30.6,102.7,51.8,cotton
116,25,132,5.4,35.6,217.3,62.4,maize
17,116,29,7.7,32.6,176.8,62.1,banana
129,112,133,7.3,28.1,229.7,69.3,paddy
73,16,69,7.4,28.3,171.7,86.7,maize
21,50,103,4.8,31.2,161.7,78.9,sugarcane
8,78,51,5.9,36.7,227.6,60.9,banana
130,119,69,5.8,31.4,228.7,61.5,sugarcane
115,132,66,5.4,32.9,244.2,73.7,paddy
28,11,76,6.3,20.4,151.7,51.0,millet
99,138,57,5.2,24.3,120.3,60.6,sugarcane
42,73,63,5.5,24.8,299.5,82.9,groundnut
28,77,24,4.6,22.2,208.3,85.0,groundnut
86,64,26,7.8,27.3,243.0,64.2,sugarcane
16,126,122,4.8,36.9,256.4,79.6,cotton
68,136,84,7.8,20.9,87.5,66.9,sugarcane
93,114,30,6.3,24.6,225.3,40.7,paddy
102,100,20,5.7,37.2,275.8,75.7,groundnut
37,24,129,7.2,23.8,130.9,81.0,cotton
50,4,12,5.2,30.9,70.9,72.2,paddy
4,21,102,5.4,34.5,254.5,88.9,sugarcane
68,103,15,4.8,27.5,263.3,82.8,millet
111,46,136,4.9,20.3,204.0,88.0,sugarcane
14,35,62,5.5,25.8,240.8,80.1,groundnut
6,3,89,4.7,25.2,162.8,45.8,groundnut
13,78,32,7.4,36.9,178.4,87.5,cotton
92,19,18,7.3,26.1,251.4,56.9,sugarcane
17,72,16,7.7,36.4,201.1,66.4,paddy
73,87,84,4.9,34.0,92.6,62.4,paddy
79,6,15,7.6,25.2,70.5,54.9,paddy
16,31,40,6.2,25.0,232.8,43.8,cotton
60,2,102,5.7,30.1,101.2,77.1,cotton
25,120,45,7.4,27.7,97.2,54.1,millet
23,108,90,5.8,36.6,186.2,53.5,paddy
136,63,71,5.4,32.1,63.0,45.7,groundnut
10,30,99,7.0,22.1,197.0,73.3,banana
28,113,106,4.8,20.3,75.6,60.5,cotton
22,58,89,6.4,28.5,295.3,77.0,groundnut
17,49,117,5.9,37.9,93.7,73.6,banana
77,74,38,5.2,33.4,298.9,73.3,banana
115,49,140,7.6,21.1,162.5,50.2,cotton
100,96,80,7.4,29.2,181.8,68.1,banana
11,65,1,7.0,29.1,174.8,45.5,maize
69,114,87,5.0,22.6,224.4,72.1,sugarcane
46,23,64,7.7,21.7,288.8,70.5,groundnut
138,115,92,7.7,28.7,128.9,79.4,millet
117,52,131,5.7,33.9,250.8,47.7,groundnut
62,25,36,7.3,32.7,97.6,58.3,millet
52,131,107,5.9,30.4,277.8,67.7,maize
110,82,123,6.8,35.6,273.5,86.0,millet
33,105,57,6.3,27.5,92.3,49.4,sugarcane
115,77,107,6.4,36.1,121.8,56.4,paddy
67,27,122,7.4,23.9,80.1,82.6,groundnut
100,104,1,4.7,35.5,135.2,85.0,banana
1,110,1,6.1,35.0,290.4,78.8,banana
96,110,5,5.2,34.9,190.7,78.1,sugarcane
32,39,31,7.5,27.8,291.6,62.6,banana
53,83,24,5.5,32.1,225.5,58.6,millet
138,7,38,6.2,34.0,145.6,62.2,sugarcane
91,39,33,6.3,34.6,140.4,66.2,banana
117,8,32,7.8,33.0,194.3,72.4,maize
5,114,120,5.8,21.4,156.6,62.1,groundnut
112,138,11,7.6,24.3,294.7,59.3,paddy
38,52,55,5.1,23.4,165.2,54.3,maize
76,101,86,6.0,21.3,118.4,89.0,banana
57,92,102,6.3,20.7,192.3,86.0,paddy
97,76,118,4.7,28.4,110.1,63.5,groundnut
113,27,32,7.4,32.0,134.6,86.8,cotton
90,76,84,6.5,37.1,63.4,45.3,sugarcane
42,88,114,5.4,28.3,207.1,67.9,cotton
36,118,85,4.8,27.4,237.5,74.7,cotton
111,125,135,6.0,35.4,221.1,84.1,groundnut
113,19,15,4.7,36.0,132.3,55.7,cotton
92,104,99,4.7,26.3,264.1,59.8,cotton
139,95,88,7.1,34.4,117.4,84.4,paddy
61,135,88,5.4,30.6,230.4,87.1,maize
75,91,69,6.5,29.9,78.7,46.3,paddy
45,21,7,7.0,20.6,198.8,67.0,sugarcane
117,103,30,5.5,30.9,62.4,44.7,banana
61,22,45,6.6,21.1,230.3,51.5,sugarcane
112,43,127,6.9,37.1,117.0,80.6,maize
44,107,61,7.8,33.8,214.5,81.2,groundnut
69,122,33,7.1,31.2,185.0,77.5,sugarcane
66,81,63,4.5,23.5,172.8,87.5,banana
38,112,139,4.7,32.7,109.6,59.4,banana
36,115,23,5.9,22.6,181.1,88.1,cotton
121,23,10,4.6,31.9,121.7,68.0,millet
22,82,87,7.2,35.2,249.8,65.4,cotton
140,30,129,5.2,29.7,234.3,71.4,sugarcane
15,76,36,8.0,20.4,258.8,58.3,cotton
40,60,25,4.8,24.5,217.3,84.4,cotton
18,67,69,7.3,37.4,117.1,64.7,millet
126,114,5,5.0,28.0,133.5,66.1,paddy
51,30,109,7.1,37.2,110.0,56.2,maize
1,85,132,5.2,34.7,79.2,72.8,paddy
88,13,55,7.6,21.4,226.7,86.0,millet
7,87,130,7.6,37.0,234.9,44.3,maize
45,112,90,7.0,25.2,112.5,57.8,groundnut
66,114,62,6.2,27.0,277.3,41.5,sugarcane
39,84,56,7.8,23.8,180.0,63.7,maize
106,123,99,7.8,25.6,267.4,78.2,groundnut
36,133,64,4.9,33.1,99.9,58.6,cotton
50,101,105,7.2,37.5,121.5,43.6,groundnut
38,138,35,5.0,32.0,181.2,72.0,maize
127,30,54,5.4,27.3,219.4,51.3,paddy
66,55,62,6.2,24.7,231.1,49.5,banana
49,70,81,5.6,23.2,109.8,60.9,paddy
70,93,41,7.1,30.1,139.8,80.4,groundnut
60,87,67,5.7,33.4,88.0,46.5,cotton
23,13,35,5.4,21.1,82.9,82.9,paddy
25,79,64,5.3,35.6,127.3,74.7,cotton
53,38,41,5.7,29.8,68.2,79.5,groundnut
41,93,31,6.2,33.0,139.7,70.5,sugarcane
129,80,119,7.1,26.8,125.7,63.0,groundnut
128,72,83,6.4,31.9,275.8,44.9,paddy
105,42,133,4.8,27.9,107.7,54.6,paddy
114,36,124,6.6,21.6,134.3,44.5,paddy
65,29,19,4.5,20.2,154.2,47.8,paddy
131,76,88,5.1,36.0,160.5,47.1,cotton
27,34,124,7.1,35.9,158.5,77.4,groundnut
68,104,63,5.6,21.6,50.4,62.5,banana
133,118,8,5.5,25.0,89.9,48.2,paddy
61,92,13,6.3,31.0,116.1,54.4,millet
27,50,103,5.0,20.3,128.2,69.4,cotton
0,38,20,6.3,25.7,232.3,83.7,millet
33,123,109,7.5,29.9,256.5,55.2,paddy
76,0,132,6.1,25.1,290.4,55.6,paddy
112,97,140,6.5,31.3,141.3,66.8,banana
80,9,7,5.7,25.7,243.5,42.6,millet
19,47,129,5.0,24.2,283.1,83.0,paddy
33,42,73,7.9,23.9,252.8,49.9,paddy
0,71,49,4.8,29.2,279.6,85.2,groundnut
122,138,116,5.5,30.5,197.8,76.0,groundnut
109,114,41,5.6,29.1,150.3,82.8,groundnut
111,102,18,7.2,20.3,131.8,71.4,millet
103,74,127,5.8,24.1,268.2,80.7,sugarcane
22,46,12,5.6,25.5,88.1,53.2,groundnut
30,84,58,6.0,23.5,97.8,78.4,paddy
104,73,131,6.1,37.0,282.9,50.3,maize
74,28,17,7.4,33.6,170.9,45.6,cotton
127,24,18,7.5,31.3,240.7,78.3,groundnut
8,93,138,7.7,31.7,144.9,77.8,sugarcane
101,46,93,7.8,20.9,102.6,68.3,maize
138,124,72,5.8,25.1,230.5,83.1,maize
76,38,57,5.0,37.1,168.8,55.9,groundnut
65,9,125,5.6,34.6,266.8,73.7,cotton
95,32,140,7.0,37.5,247.6,52.1,maize
7,2,124,7.4,26.5,185.2,73.9,banana
48,50,32,7.9,36.8,267.7,61.1,millet
93,44,61,6.0,22.0,68.9,68.9,millet
74,51,87,4.6,23.5,184.2,86.7,sugarcane
72,97,56,5.6,27.7,167.7,47.9,sugarcane
115,60,14,5.7,32.5,89.9,84.8,cotton
104,81,66,7.0,34.8,109.1,73.1,millet
112,132,70,6.9,27.0,136.5,81.8,banana
75,19,130,4.6,23.0,201.7,75.5,millet
8,12,50,7.6,24.1,235.0,55.5,banana
136,140,54,6.2,20.7,296.1,59.2,banana
127,104,9,5.4,31.5,163.6,83.2,maize
93,62,83,5.4,30.6,176.4,40.9,sugarcane
88,98,115,7.2,34.3,83.9,62.4,groundnut
132,104,22,5.5,28.3,272.0,62.8,cotton
0,89,88,7.8,29.4,219.3,78.9,sugarcane
82,71,129,5.0,23.3,141.3,61.6,millet
116,105,92,5.1,30.3,209.4,67.8,maize
102,115,12,6.2,31.7,54.6,72.7,paddy
14,9,40,8.0,28.7,239.0,62.6,banana
137,62,37,5.5,37.4,130.4,89.9,millet
73,53,19,5.6,28.7,216.0,66.4,millet
38,36,118,4.9,32.4,89.6,79.4,cotton
67,136,105,7.0,22.0,243.2,64.6,maize
15,21,56,5.6,37.0,120.7,63.0,sugarcane
29,102,31,4.5,36.5,99.4,89.2,sugarcane
12,130,34,5.0,33.9,116.2,86.7,paddy
14,119,95,5.3,28.0,204.5,78.5,banana
117,78,77,6.3,25.7,232.7,54.4,paddy
97,25,91,6.2,27.9,202.8,71.2,maize
77,91,87,7.7,34.7,136.6,80.4,banana
23,25,119,6.1,27.2,131.2,89.1,groundnut
60,122,92,6.2,28.6,167.8,48.8,cotton
25,98,26,6.2,29.1,94.1,80.6,paddy
40,50,14,7.8,37.1,142.3,46.8,millet
101,77,82,5.1,24.5,151.7,59.2,groundnut
22,47,108,6.3,22.7,202.9,68.3,groundnut
16,70,46,7.8,24.4,82.9,55.1,paddy
91,23,72,6.4,30.3,135.8,68.1,sugarcane
92,102,123,5.5,36.0,142.0,47.1,paddy
13,1,23,7.2,20.4,200.0,74.8,sugarcane
90,25,64,7.3,35.4,278.6,53.3,cotton
138,73,61,5.4,37.7,295.8,86.2,sugarcane
138,69,128,6.8,20.0,251.5,44.0,paddy
90,113,127,5.7,25.8,291.0,72.1,millet
47,80,59,7.2,37.9,214.8,42.5,millet
58,100,126,7.4,35.4,281.9,87.5,cotton
11,68,133,4.9,28.9,90.2,88.9,paddy
59,1,72,5.0,27.7,118.7,84.4,paddy
130,42,56,6.2,27.2,87.9,62.1,maize
79,138,23,8.0,20.7,213.7,62.1,paddy
